{
  "model_names": [
    "val_probs_xhr",
    "val_probs_sjm",
    "val_probs_cly"
  ],
  "best_weights": [
    0.45000001788139343,
    0.10000000149011612,
    0.45000001788139343
  ],
  "best_miou": 0.47968539448297576,
  "class_specific_weight_matrix": [
    [
      0.45000001788139343,
      0.20000000298023224,
      0.5,
      0.5
    ],
    [
      0.10000000149011612,
      0.550000011920929,
      0.0,
      0.05000000074505806
    ],
    [
      0.45000001788139343,
      0.25,
      0.5,
      0.45000001788139343
    ]
  ],
  "class_specific_best_miou": 0.4850706362048802,
  "optimized_classes": [
    1,
    2,
    3
  ],
  "coarse_step": 0.1,
  "fine_step": 0.05,
  "fine_radius": 0.1
}