{
  "config": {
    "start_epoch": 90,
    "end_epoch": 200,
    "ema_alpha": 0.1,
    "topk_percent_per_class": 5.0
  },
  "per_class_stats": {
    "Background": {
      "count": 64187245,
      "mean_loss": 0.3080429434776306,
      "median_loss": 0.26833102107048035,
      "p90_loss": 0.5536168813705444,
      "p95_loss": 0.6607552051544188,
      "p99_loss": 0.8916060805320747,
      "threshold_used": 0.6607552051544188
    },
    "Healthy": {
      "count": 60951453,
      "mean_loss": 0.29039767384529114,
      "median_loss": 0.25109004974365234,
      "p90_loss": 0.5278655886650085,
      "p95_loss": 0.6326694488525391,
      "p99_loss": 0.8621168708801266,
      "threshold_used": 0.6326694488525391
    },
    "Dead": {
      "count": 25573228,
      "mean_loss": 0.30789661407470703,
      "median_loss": 0.266471803188324,
      "p90_loss": 0.5573895931243897,
      "p95_loss": 0.6695225030183791,
      "p99_loss": 0.9084869849681856,
      "threshold_used": 0.6695225030183791
    },
    "Molded": {
      "count": 26235274,
      "mean_loss": 0.30391940474510193,
      "median_loss": 0.2603565454483032,
      "p90_loss": 0.5570299625396729,
      "p95_loss": 0.671911895275116,
      "p99_loss": 0.9207567346096037,
      "threshold_used": 0.671911895275116
    }
  },
  "total_images": 2700
}